{
  "Validated": true,
  "BestThreshold": 0.36,
  "BestBootstrapThreshold": 0.5,
  "BestBootstrapReplicates": 0,
  "AccurateThreshold": 0.21,
  "AccurateBootstrapThreshold": 0.99,
  "AccurateBootstrapReplicates": 600,
  "FastThreshold": 0.36,
  "LdaModel": {
    "Coefficients": [
      [
        1,
        -1,
        -0.13972231455975712,
        -1,
        0.7734017644241236,
        -0.5368641048116317
      ],
      [
        -0.03112111515878856,
        -0.3949149839585201,
        0.36706762059327586,
        -0.723277148914817,
        1,
        -0.22991019368043414
      ],
      [
        1.1975598575800794E-06,
        1.5196574079449358E-05,
        0.000448800030701314,
        1.2346012424125758E-06,
        3.2873190733180455E-07,
        -5.392965174259539E-05
      ],
      [
        0.001031973529523279,
        0.013095347251469361,
        -0.24432322780006804,
        -0.0936815724326188,
        -0.021718979807870378,
        -1
      ],
      [
        0.016072169654068432,
        0.2039496524700409,
        0.7038469726253365,
        0.3515538923048635,
        0.10605024700369768,
        0.11061456521320195
      ],
      [
        0.03937719492692027,
        0.49968146139855646,
        -1,
        0.04440867088102976,
        -0.01384412407632071,
        0.23766838356048323
      ]
    ],
    "Means": [
      [
        1.0053277823924587,
        -0.26365665024513063,
        1.1176280121780153,
        -0.6356145046003265,
        0.8510312941080688,
        -0.6873788047295417
      ],
      [
        0.04546445440129653,
        -0.2636566502447925,
        1.1176280121781041,
        -0.6356145046000062,
        0.8510312941080915,
        -0.687378804729572
      ]
    ],
    "DiscriminantProportions": [
      0.9999999999997713,
      2.8277154906297494E-14,
      1.9060342240565812E-17,
      1.483817509864518E-13,
      5.1716833465801925E-14,
      3.260514535709341E-16
    ],
    "Eigenvalues": [
      74.01143861550665,
      -2.0928329145690882E-12,
      -1.4106833497285077E-15,
      -1.0981946854797681E-11,
      -3.827637245443455E-12,
      2.4131537141467425E-14
    ],
    "StandardDeviations": [
      0.45888523978169127,
      0.41320641684923676,
      4304.9638251331335,
      0.49829366163130256,
      0.43875003837507626,
      0.431202479004094
    ]
  },
  "LogisticModel": {
    "Coefficients": [
      -3.1019647944927025,
      6.393049266577839,
      -9.534753286152776E-05,
      1.3899603092582833,
      0.2335365520701857,
      -3.1930505998281205
    ],
    "Intercept": -0.44947933822106106
  },
  "FeatureSignature": "8D2F81A3625201DA548E08978D516E0C"
}